,銀行:1.2143135207553999,分期付款:0.401179065644,配合:0.25327127954280004,世華:0.23909535005799998,富邦:0.23909535005799998,匯豐:0.23909535005799998,華南銀行:0.23909535005799998,兆豐:0.23909535005799998,澳盛:0.23909535005799998,新光:0.21912477345599998,上海銀行:0.21712310428599998,感謝您:0.205261829844,永豐:0.201880303244,花旗銀行:0.1945258076416,網頁:0.19062459599019999,玉山:0.1824310831772,您好:0.1746038731388
0,商業銀行:0.7067956328392029,預付:0.7380143404006958,因應:0.7027168869972229,元大:0.6484573483467102,臺銀:0.7469967603683472,東亞銀行:0.761337161064148,元大:0.7617943286895752,元大:0.6693824529647827,俄道勝:0.810638427734375,三越:0.668217122554779,中國光大銀行:0.8133043050765991,我願:0.5346643328666687,復華:0.6706750392913818,渣打銀行:0.7854009866714478,網站:0.5229939222335815,塔塔加:0.6089307069778442,午安:0.7446390390396118
1,分行:0.6605186462402344,手續費:0.7344709634780884,推動:0.5207321047782898,新光人壽:0.6107230186462402,金控:0.6839519143104553,匯豐銀行:0.7554298639297485,土地銀行:0.7418609857559204,華南銀行:0.6421440839767456,誠興:0.7614215612411499,新光人壽:0.6447899341583252,中國民生銀行:0.7978672981262207,只願:0.514373779296875,同興:0.6517179608345032,摩根士丹利:0.7694671154022217,頁面:0.5101110935211182,合歡山:0.5824267864227295,晨之美:0.5847904086112976
2,金融機構:0.6269363164901733,差價:0.7027419209480286,順暢:0.5118814706802368,陽信:0.6032472252845764,宏國:0.6838380098342896,渣打銀行:0.73371422290802,南山人壽:0.7205959558486938,洗錢:0.6371003985404968,集友:0.7566391229629517,遠百:0.6414045691490173,交通銀行:0.7822350263595581,辜負:0.4935518801212311,東興:0.6509655117988586,巴克萊銀行:0.7586817145347595,林志華:0.46088600158691406,八通關:0.5531998872756958,李艷秋:0.5729749202728271
3,中國銀行:0.5926535129547119,還款:0.6925725936889648,務求:0.5093072652816772,華南銀行:0.6018990278244019,蘇翊傑:0.682282030582428,渣打:0.7306289672851562,商銀:0.7118213176727295,土地銀行:0.6356407999992371,郵儲:0.7420857548713684,漢神:0.6253694295883179,中國農業銀行:0.7730928063392639,珍重:0.493304044008255,福昌:0.6457542777061462,匯豐銀行:0.7581788301467896,官方網站:0.45185989141464233,南投:0.5514926314353943,正點:0.5566889047622681
4,bank:0.5889381170272827,貨款:0.6807454824447632,整體規劃:0.5001501441001892,國泰人壽:0.6012454032897949,韋陳明:0.660997748374939,花旗銀行:0.7299602031707764,臺灣銀行:0.7110922336578369,商銀:0.6275063753128052,萊商:0.7356295585632324,誠品:0.6069611310958862,中國銀行:0.7664521932601929,莫忘:0.4905199706554413,大華:0.6365994215011597,中國建設銀行:0.7554594278335571,blog:0.45019006729125977,群峰:0.549453616142273,晚安:0.5513281226158142
5,中央銀行:0.5861910581588745,訂金:0.667665421962738,分階段:0.49029290676116943,南山人壽:0.588325023651123,張宗憲:0.6592318415641785,中國建設銀行:0.7251980304718018,合作金庫:0.710279107093811,板信:0.5988038778305054,為兆豐:0.7246378064155579,秀泰:0.595753014087677,浦發銀行:0.7635302543640137,我將:0.4828253388404846,龍安:0.636380672454834,東亞銀行:0.754986584186554,tvb:0.4480878710746765,鞍部:0.5493046045303345,inews:0.548997163772583
6,證券公司:0.5787951946258545,付款:0.6637840270996094,加強:0.4886546730995178,兆豐:0.5737917423248291,誠泰:0.6582668423652649,摩根士丹利:0.7029572129249573,板信:0.6998144388198853,合作金庫:0.5986261367797852,加野:0.7226783037185669,中和店:0.5910799503326416,上海浦東發展銀行:0.7586448192596436,忘:0.47757089138031006,泰和:0.6313245296478271,美國銀行:0.7523143887519836,中文網站:0.4374238848686218,濁水:0.5457738637924194,夜問:0.5429911613464355
7,保險公司:0.577228307723999,押金:0.6619130373001099,遷就:0.4876563847064972,大華:0.5696132183074951,裕隆:0.6580243110656738,中信銀行:0.7027748227119446,萬泰:0.6819797158241272,金管會:0.5947774052619934,bancario:0.7210041284561157,敦南:0.5859276056289673,招商銀行:0.756804347038269,你當:0.47495007514953613,華興:0.6289557814598083,大通銀行:0.7489855289459229,官網:0.43350765109062195,水社:0.5423663854598999,報報:0.538688600063324
8,支行:0.5709733963012695,保證金:0.661889910697937,帶動:0.4869174063205719,土地銀行:0.5608327388763428,cobras:0.6520026326179504,巴克萊銀行:0.6991208791732788,澳盛:0.6719754934310913,陽信:0.592737078666687,信孚:0.7201669216156006,高雄店:0.5834541916847229,中信銀行:0.7510296702384949,記著:0.47425881028175354,東源:0.6187346577644348,中國工商銀行:0.7442711591720581,主頁:0.4302311837673187,南湖大山:0.5422748923301697,正晶:0.5343457460403442
9,專業銀行:0.5670948624610901,原價:0.6590964794158936,疏運:0.4832611083984375,富邦:0.5566545128822327,美邦:0.6518787145614624,怡和:0.6933374404907227,美廉社:0.6716933250427246,搶案:0.5927197933197021,楊忠偉:0.7198958396911621,sogo:0.580512523651123,中國建設銀行:0.746317446231842,袮:0.4670049846172333,廣興:0.6176743507385254,citibank:0.7428193092346191,關永忠:0.4235915541648865,八卦山:0.5406752824783325,半檔:0.5336927771568298
10,證券:0.5669480562210083,提撥:0.6587750315666199,靈活:0.4791615307331085,中和店:0.5541839599609375,合作金庫:0.6397227644920349,中國工商銀行:0.6876572966575623,金控:0.6632291078567505,萬泰:0.5900171995162964,星展:0.719165563583374,福華:0.575392484664917,中國工商銀行:0.7413041591644287,願主:0.4661738872528076,萬順:0.6092759370803833,友邦保險:0.7372798919677734,tvbi:0.42291712760925293,日月潭:0.5358513593673706,有話好說:0.5303820371627808
11,儲蓄銀行:0.5667768716812134,抵扣:0.6583707928657532,加快:0.477762371301651,嘉新:0.5537883043289185,許晉哲:0.6381714344024658,中國銀行:0.6855761408805847,投信:0.655665934085846,電信局:0.5880657434463501,ocbc:0.7156345248222351,華南銀行:0.572108268737793,支行:0.7387335300445557,著說:0.46305543184280396,大豐:0.6039376258850098,匯豐:0.7299602031707764,第二輯:0.42096564173698425,檜木:0.5347313284873962,彭愛佳:0.5303084254264832
12,花旗銀行:0.5650720596313477,抵押品:0.6552906036376953,改採:0.4712800979614258,三興:0.5523478984832764,金酒:0.6308227777481079,友邦保險:0.6824415922164917,上海銀行:0.6517051458358765,匯業:0.5788439512252808,華僑銀行:0.7133350372314453,南紡:0.570797860622406,建設銀行:0.7362134456634521,感謝上帝:0.46233320236206055,泰興:0.6028712391853333,花旗集團:0.7280488014221191,facebook:0.4207562208175659,箭竹:0.5311058759689331,尹乃菁:0.5302813649177551
13,該行:0.5599149465560913,一百元:0.6445822715759277,調動:0.46729081869125366,合作金庫:0.5521025657653809,國泰人壽:0.6268891096115112,招商銀行:0.6814331412315369,李延禧:0.6469303369522095,世華:0.5737917423248291,凱基:0.7119300365447998,喜滿客:0.5647257566452026,工商銀行:0.7336174845695496,黃乙玲:0.4614594578742981,長泰:0.5926379561424255,瑞銀:0.7205339074134827,莊偉建:0.41993165016174316,中央山脈:0.5266141295433044,蕭彤雯:0.5272359848022461
14,存款:0.5530098676681519,帳單:0.6445311903953552,微調:0.4670283794403076,萬泰:0.5494046211242676,許智超:0.6256633400917053,交通銀行:0.6812016367912292,中國民生銀行:0.6446206569671631,廣發:0.5711235404014587,cordial:0.7084094285964966,威秀:0.5634130835533142,工行:0.7314764261245728,劉沁:0.45994624495506287,陽信:0.5925829410552979,招商銀行:0.7167918682098389,viutv:0.4181135296821594,埔里:0.5242465138435364,石怡潔:0.5250545740127563
15,匯豐銀行:0.5492967367172241,低價:0.6434795260429382,進行:0.4658251702785492,板信:0.5494004487991333,南山人壽:0.6246304512023926,恆隆:0.6698868870735168,costco:0.6436578035354614,上海銀行:0.5702469944953918,車械:0.7078976035118103,大潤發:0.563096284866333,華夏銀行:0.7289748787879944,謝謝你們:0.4591144919395447,謝村:0.5923997759819031,證券公司:0.7163020968437195,專頁:0.41665372252464294,火炎山:0.5236283540725708,侯乃榕:0.5238564610481262
16,放款:0.5427946448326111,全額:0.6407330632209778,全面:0.46393296122550964,泰豐裡:0.5457766652107239,臺灣銀行:0.6239182949066162,周大福:0.6603059768676758,大潤發:0.6424962282180786,臺灣銀行:0.5697445869445801,中國民生銀行:0.7073276042938232,太平洋百貨:0.560577392578125,農行:0.7261312007904053,心上:0.45738330483436584,全興:0.5905344486236572,德意志銀行:0.7136554718017578,外購:0.41659730672836304,大霸尖山:0.5221376419067383,天天開心:0.5222138166427612
17,交通銀行:0.5409647226333618,繳交:0.640027642250061,調整:0.4604380130767822,長榮:0.5447525382041931,周士淵:0.6237644553184509,美國銀行:0.6596463322639465,兆豐:0.6421440839767456,掏空:0.5632234215736389,丹斯克:0.7055124044418335,高雄漢神:0.5569750070571899,興業銀行:0.721768856048584,我問:0.4562642574310303,白洋:0.590402364730835,aig:0.7129130363464355,徐遇安:0.4132903814315796,大屯山:0.5196359753608704,張雅婷:0.5184982419013977
18,外資銀行:0.5389740467071533,收取:0.6393833160400391,便於:0.4593859910964966,蔣承天:0.5415698289871216,達欣:0.6221105456352234,置地:0.6561951041221619,常務董事:0.6395214200019836,建設銀行:0.5618177056312561,麗如:0.703026294708252,漢來:0.5537805557250977,securities:0.7110207080841064,無怨無悔:0.45579543709754944,合興:0.5895402431488037,荷蘭銀行:0.7014269828796387,張少馨:0.41304945945739746,鐵二:0.5172542929649353,打權:0.517076849937439
19,渣打銀行:0.5369100570678711,匯票:0.6392410397529602,盡量:0.4568703770637512,凱基:0.540522575378418,楊哲宜:0.6219912767410278,浦發銀行:0.6560576558113098,英業達:0.6384943723678589,南山人壽:0.5605732202529907,取現:0.7026196718215942,金典:0.5537489652633667,華僑銀行:0.7103797197341919,謝謝:0.45477622747421265,新昌:0.5850611329078674,華僑銀行:0.6954895257949829,網址:0.4116048216819763,合歡:0.5129175186157227,李豔秋:0.5168235301971436
